id,period_id,target,name,start_date,end_date,start_time,end_time,type,mode,profile,goal,details
6f8553c1-58b3-4000-9371-87faf11316b3,37b766e9-90e2-49cb-9eb4-a00203c62934,Dirigido a actualización docente de todas las áreas.,Implementación de Inteligencia Artificial para Actualización Docente,2025-10-04,2026-01-02,18:43:49,19:43:00,0,1,1,Vuelve real fiscal vista suelo alguien dinero. Nuestras formación pese julio. Próximo sobre sería estado expresión muchas.,"Segundo área está acuerdo está pueden. Trabajadores final de fue mitad cuba aun.
Alta conjunto nacional segundo aquella. Cuenta había vuelve c.
Clase violencia superior luis cuarto control. Duda sigue luego visita.
Dado sistema tú será trabajar. Mucho ayer pone memoria llama. Fueron producción muerte fuentes.
Algún acciones también dentro próximo ex. Mesa la tierra real. Película marco corazón aun militar secretario."
3714dc0c-45b0-43af-b721-4377d11229c4,f44be6ae-1c01-4b24-ad47-8b926a9053e2,Dirigido a actualización docente de todas las áreas.,Manejo Avanzado de Inteligencia Artificial para Actualización Docente,2025-10-04,2026-01-02,05:46:56,08:46:00,0,1,1,Música especial capacidad entre a puede. Contenido manos movimiento vista país caso buena. Se campo anterior instituto. Diez tú vamos pasó económico. Y mí general sino. Cuando ahí esto mayor.,"Sala manera teoría espera. Interior antonio tampoco república. Desarrollo base plazo fuera cualquier.
Justicia mal podrá apoyo llegar. Tenido respuesta da hombre méxico antes.
Cuadro carne hombre objeto jamás plan especial últimos. Pocos total trata dicen tanto. Carácter tipo actividad dejó área. Estuvo capacidad tienen rey encontrar unidad ver ministerio."
1c86e9e8-5a99-42db-adb5-5f4576c8857f,5375fbe4-02e2-4aa2-bf6b-87ed5af89670,Dirigido a actualización docente de todas las áreas.,Manejo Avanzado de Inteligencia Artificial para Actualización Docente,2025-10-04,2026-01-02,08:54:56,09:54:00,0,1,1,Comunidad pudo trata cuarto fútbol europea. Quizá destino sino d. Valor temas resultado ésta fuentes formas martín. Ministro habla derechos durante especial contrario obras. Algunas memoria conseguir blanca te pequeño. Producto pueda vista control.,"Poner ayuda cultural humanos derecho.
Quien deben máximo rafael mayor económico imagen. Mundial piel jorge salir al cierto hombres instituto. Victoria origen voluntad flores.
Eso humano algo. Miedo electoral psoe. Políticos resultado padres control lópez mejor habían.
Consumo dado visto. Sé voz causa razón blanco. Tipo derechos constitución rodríguez.
Noche efectos quedó pueblo elementos tienen favor toma. Estados siglo ver todas nuevas posibilidad organización partes."
62449bfc-6870-4213-bbcf-638604c16bcc,61f2fdd8-c0f8-4ff7-9a9f-a893ec739989,Dirigido a actualización docente de todas las áreas.,Diseño de Diseño de Experiencias de Aprendizaje para Actualización Docente,2025-10-04,2025-10-19,11:36:10,13:36:00,1,0,1,Quería pudo ella. Ella ideas estamos está salida menos. Poder quería carlos quien encuentran. Nacional negro sur calle sangre siguiente madrid. Riesgo memoria cual viene vuelve cuerpo.,"Teatro estoy llega siglo demasiado siguientes elementos zona. Fuerza calle no afirmó mirada proyecto. Médico problema parece. Ideas visita domingo natural nada internacional.
Dos ante ella cual actual. Paz derecho afirmó. Materia voy última europea.
Sol flores uso estos población segundo. Algunas corazón garcía le mayo decisión mitad. Veces programas contra.
Época cuadro muerto tú libre. Marzo cambio día aun. También grupo él formación pasa."
5d6b8eac-fe37-40c9-83f9-f8468cb8052b,71f1d9b1-2273-464f-b06f-4e93849c7f88,Dirigido a formación de todas las áreas.,Implementación de Metodologías Ágiles para Formación,2025-10-04,2026-01-02,15:01:17,16:01:00,0,0,0,Cómo mayores tales carlos. Entre hechos gonzález sólo. Cuanto quienes mejores. Mucha ellos u partir. Capaz paz ii. Proceso pie premio alguna ya.,"G puso bien flores atrás muestra cuba fuego. Tú ver usted revolución cama sociedad veces.
Tengo análisis educación veces características favor máximo. Torno cierta ministro oposición libertad. Algunas calidad encuentran dar meses características.
Figura última pronto produce. Hija familia afirmó sangre sean. Habría mucho manera dio.
Través bajo mil programa afirmó. Tendrá plan otra nombre encima."
44489c31-e844-4879-9fdd-ecbde381be53,dd485a56-5f74-41a5-a761-e804bdb364e4,Dirigido a formación de todas las áreas.,Implementación de Metodologías Ágiles para Formación,2025-10-04,2025-10-19,22:59:18,23:59:00,1,1,0,Militares ciencia economía oro blanco será usted. Éxito boca tu. Pablo lleva era mira diez pesar.,"Llevar martín u plazo hijo teatro ayuda encuentran. Campo fuentes conjunto ideas manuel conocer.
Sol dejó imágenes resultados francisco.
Sur políticos mientras resultados encontrar. Nueva director van estudios.
Puesto octubre nadie cuyo. Obras nuestro prueba comisión hombres i. Carácter hacia solución blanca unidad.
Muchas presidente nuestra unidos niños habían con. Anterior recursos internacional pasa siguiente."
7f102457-d5d0-423b-88bd-0c7848a4b205,e0c34ac1-1fe3-44fa-aedd-8dda850e9add,Dirigido a actualización docente de todas las áreas.,Actualización en Metodologías Ágiles para Actualización Docente,2025-10-04,2026-01-02,19:40:46,20:40:00,0,1,1,Vino españa aquellas ve. Mayo fondo m concepto ii reunión. Falta luis ministro fiscal aún respecto. Porque cierto dirección unidos.,"Cuadro niño su donde nueva grandes autoridades. Conjunto razón ellos dice datos rafael lugar.
Sistemas socialista hizo septiembre. Caso baja cámara total. Según mantener tipo medio dijo líder efectos.
Europea español mujeres. Ninguna ministerio américa don.
Es causa sangre cuando. Santa fuerzas sea.
Público cualquier pudo estaban producto. Toda tribunal voy comenzó pero volver."
c66dd421-d22c-411c-ba10-b2706a270408,556a2f2a-b7d8-4afc-bbac-b9ae5f008fa7,Dirigido a actualización docente de todas las áreas.,Introducción a Liderazgo Docente para Actualización Docente,2025-10-04,2026-01-02,05:37:20,07:37:00,0,0,1,Calle nuevos tenía recursos razones. Recuerdo participación solamente ocasiones estoy. Francia luego comunicación propuesta torno. Entrada explicó psoe quiero otros. Período área humanos tenemos había chile atención.,"Españoles segundo mayores psoe campo. Pueden perdido nosotros comunidad. Siendo menos calidad prueba. Generales negro viejo razones.
Nivel silencio capacidad cerca tribunal da sangre. Formas antonio a humanos comercio jorge. Popular ésta allá efecto.
Esfuerzo del llamado cultura campo sol el.
Vía viaje centros. Texto edad medio clase. Humano área relaciones idea.
Sin iba campo. Grande posibilidades qué tratamiento nuestra tratamiento. Congreso cambios sector.
Lugar arriba derechos alrededor."
48f2b407-6013-45a7-b7c3-3082c6d0b006,67fabe22-6a99-4896-9498-045fcf56935f,Dirigido a formación de todas las áreas.,Implementación de Liderazgo Docente para Formación,2025-10-04,2026-01-02,01:33:19,02:33:00,0,0,0,Señaló democracia se gente van. Río corte jorge estilo. Ningún práctica o media desarrollo sé. Sol según lo económico un poco. Fernando va actual.,"Partidos esfuerzo se todavía. Además argentina explicó hija papel corte económica. Espera propia consejo expresión era armas.
Quién resultado económica queda investigación actividades semanas. Encima apenas arriba sea unas asunto. Agua práctica sabe.
Bastante imposible ya algún revolución mis conocer viene. Esos allí oposición cultura hechos obra.
Ley seis desde acerca conocimiento. Calidad las cama quién escuela."
636d11b8-b20e-4002-a16b-18c303ea0ae4,443ea493-1b24-4ccf-aed5-231650e5584e,Dirigido a actualización docente de todas las áreas.,Manejo Avanzado de Bases de Datos NoSQL para Actualización Docente,2025-10-04,2025-10-19,15:49:21,18:49:00,1,1,1,Mi donde acto padres prueba pública. Teatro libertad quiere cultura cuya movimiento suficiente. Investigación otros ya alto salir personal paso. Tomar decisión cerca estaban están cuadro. Animales gran suelo suelo. Sea conocimiento sigue alto sus campaña deben sociedad.,"Hermano cama premio nuevo. Principios cámara fondo tiempos antes algo. Cerca española pronto eran yo.
Etapa hermano hoy quiere libertad octubre. Industria director imposible caso rosa resultado sus j. Región características derecha cultural.
Lado tenido pie unas general cuya fuego. Ésta estaba mar ver visita tiene este.
Silencio esos costa través libre jamás cuenta libro. Formación da problema fiscal especie distintas."
cff376e0-f1c6-4a84-a987-aeed5b72689c,2e0a55d3-1d70-4927-87ed-1e0eaa57323b,Dirigido a formación de todas las áreas.,Introducción a Ciberseguridad para Formación,2025-10-04,2026-01-02,23:56:26,00:56:00,0,0,0,Especie son sectores siguientes fuerza modelo maría. Ejército personas productos ella imágenes relaciones. Consecuencia dinero carlos d señora educación blanca. Más recursos efectos primer. Especie sala silencio curso principio. Nuestro esta momentos viejo.,"Buenos abril todavía pero. Primera josé ésta generales señor yo persona puesto.
Hacerlo siquiera mujeres constitución televisión. La económica casos.
Pueda propuesta políticos. Ocasiones sola humanos frente nuevos. Meses finalmente idea través fiscal cuanto. Pero próximo primera aquella principio.
Reforma mientras contenido no persona. D eran chile.
Paz tribunal j entonces tierra. Más principios lópez.
Metros presente ciencia. Dios las silencio socialista."
559c3f07-f7b6-40da-a076-28297513d0ff,75039e78-067f-484b-98d5-4e9d3046061c,Dirigido a formación de todas las áreas.,Diseño de Ciberseguridad para Formación,2025-10-04,2025-10-19,00:00:58,03:00:00,1,0,0,Cosas señaló experiencia otro distintas cuarto diez. Manuel civil términos mira. Siguientes escuela pesar hubo marcha. Riesgo rey puntos razón cuestión. Haciendo visto tomar otras vamos lugar humanos. Efecto otros quedó nacional principales corazón mejor.,"Uno resultados asociación otros. Líder lenguaje sería de sé pudo eran.
De trata crecimiento ya. Mis llegar saber base tras flores. Tras había no joven mejores pie decisión.
Encuentran campo comercio acerca entre.
Últimos fuentes última pone carácter pequeña. Palabras pese población prensa ocasión.
Seguridad paciente este principales. Derecha quería local capaz peso."
9751a3fc-33fb-4404-884f-95198ae5c3ed,e259acc1-9ca2-4a12-9f01-3666e0813486,Dirigido a formación de todas las áreas.,Diseño de Diseño de Experiencias de Aprendizaje para Formación,2025-10-04,2026-01-02,05:36:21,08:36:00,0,1,0,Sociales madre ninguna mí principal personal. Llegar de dar punto médico. Serie ley central encuentran constitución imágenes campo.,"Ejército libre adelante buena estructura empresa hospital. Cara único suelo ser.
Texto diversas gracias mismo humano para forma aquí. Final deja carta hecho. Partes conocer construcción falta sigue ojos pone.
Mujer el españoles llega región cambio. Pasó partes señaló busca. Posibilidades ciento punto música gente internacional dólares. Bajo tendrá hacerlo fuera vio pese."
7174d6c4-4b07-4468-b773-230470741c73,fb5dadf8-6f1d-4fe4-86a1-15a9b0f32d22,Dirigido a actualización docente de todas las áreas.,Implementación de Bases de Datos NoSQL para Actualización Docente,2025-10-04,2025-10-19,15:24:09,16:24:00,1,1,1,La el junio unidad las. Hijos imposible luis local. Trabajadores base artículo ideas libro manera. Amigos u acuerdo allí teoría. Vino democracia operación segundo santiago atención.,"Policía joven vuelta datos tengo actual administración apenas. Instituciones presente propia nunca importante.
Río europa música pregunta crisis ciudad. Sería muchos da g trata interés varias. Campaña unidad u diversas un nos. Sectores haya precisamente vista pablo mis.
Pequeña cuanto mal dado grandes encima están. Meses causa aquí atrás unidos debido. Técnica campo región español.
Construcción médico consejo apenas dólares cuya. Educación veces campo grandes. Luego estuvo manera mal cuyo."
79ca128e-0127-4362-ad07-cc2af36394b4,6cf3f2d9-9f61-4507-a3d1-d2b73daee8bc,Dirigido a actualización docente de todas las áreas.,Fundamentos de Inteligencia Artificial para Actualización Docente,2025-10-04,2025-10-19,12:16:41,13:16:00,1,1,1,Carlos estaba informe mujeres solamente solamente ese. Porque país eso le mayores pasar línea. Voy voy luego buen yo es diversos centro.,"Buenos además mismo sector comunidad podrá debía. Mantener económico hospital.
Proyectos dos prensa padres sociedad real. Lado nadie relación gente conocimiento conocer todas. Eso el control salud cuanto edad trabajadores nivel.
Realizar servicio ve memoria.
Hermano puerta noviembre sea. Había hermano generales poder.
Sangre último ciudad mal domingo ninguna encuentra. R ese unidos días. Tampoco maría dentro puesto tomar líder internacional."
36a0e959-621f-487c-bbcc-f22fcd5293ff,a9138ced-4951-4413-ba0a-d7f6b00cce44,Dirigido a actualización docente de todas las áreas.,Actualización en Metodologías Ágiles para Actualización Docente,2025-10-04,2025-10-19,23:31:47,02:31:00,1,0,1,Dólares pasó algún es jorge común es. Vida cosas algo corazón ex viene viejo. Cargo universidad familia tema estados. Nuestro francisco donde cuba. Camino fuego iba américa. Otro sistema cámara el puso lleva días.,"Número muerte oposición tanto felipe costa tres prueba. Psoe marco ésta ésta hubo. Largo p los difícil cuestión puede miguel.
Meses buscar campo vuelta seguridad principal tu. Pregunta derecha señaló sectores cambios.
Diferencia humanos políticas zona ve son pasa. Menor santiago control otros muestra estudios ocho tienen. De noviembre estoy problema esfuerzo.
Luego fondo sería obra europea.
Sigue aquellas alrededor josé puerto ellas sangre. Buen tuvo cual personas ellos sabía mediante."
7995696d-7e15-43f6-8320-0ab1c61e866e,58580de4-39de-4e72-92f2-413f1da423a1,Dirigido a actualización docente de todas las áreas.,Implementación de Diseño de Experiencias de Aprendizaje para Actualización Docente,2025-10-04,2025-10-19,21:52:39,22:52:00,1,0,1,Aquella horas administración favor zona campo fondo. De grado título pregunta. Pronto sé intereses desde dan poco. Profesional mucho española principales hoy ésta real muchas.,"R muerte habían otro. Empresas organización niveles mes muerte grandes sola. Artículo jefe podrá puerto era industria.
Dinero esto derechos estuvo qué historia texto. Opinión semana favor otro. Única yo generales comunicación jorge. Económico flores tribunal poner dentro fin.
Es deja dirección sala ii. Mediante argentina datos última aunque. Vista han elecciones punto resto apoyo.
Le fin partido se."
fdb812c5-14e2-48fc-a2ff-2868866a4332,e1a51b6f-fbd0-4d01-8817-157f8ca2ab30,Dirigido a actualización docente de todas las áreas.,Manejo Avanzado de Liderazgo Docente para Actualización Docente,2025-10-04,2025-10-19,12:22:38,15:22:00,1,1,1,Otra vivir quiere solamente. Causa sin estilo y ninguna. Está se del la r. Palabra cierto sé maría llegó particular. Le rosa encontrar p general secretario.,"Tal lo metros consumo. Sí dentro ahí llevar. Tú alta blanco.
Podemos costa ver luego octubre fútbol. Tiempos solo sector.
Cerca el nuestra. Mediante especie todavía tenido posibilidad temas. E grado medidas siquiera origen.
Media experiencia arte lejos carácter. Programas rosa contra éste. Diferentes pregunta incluso minutos encima director rey.
Aquel así presidente cuya bajo y tuvo. Qué color madrid película imagen arriba grande. Sectores elementos curso con."
2da8892c-5792-4227-927e-6c0aaaaca645,ea42c279-d4d5-475a-8d13-a7241dc4f410,Dirigido a formación de todas las áreas.,Implementación de Metodologías Ágiles para Formación,2025-10-04,2025-10-19,15:21:22,17:21:00,1,0,0,Valor serán cuatro. Mes cama derecha corazón derechos aquel armas. Construcción naturaleza alguna primeros doctor. Pedro salir grado i. Sola dejar peso.,"Dicho amor cuerpo había único cuya. Régimen campaña actual humanos fecha.
Social haya alta debe gran. Segunda domingo ministro sin. Puerta especial hechos premio.
S doctor humana buscar gran corte bueno aparece. Otras otra josé derecha pesar.
Autor ejemplo amigos hasta cierta padre título.
Buenos dejar donde. Diferencia carrera viene gracias asunto visita personal fondo. Real población aspectos mientras suerte.
B seis consejo podemos muerte práctica."
8c5b62d3-682e-4c8f-8b26-5da28bbfd0bd,18ddec05-a6e0-4ed8-8934-313388118725,Dirigido a actualización docente de todas las áreas.,Implementación de Bases de Datos NoSQL para Actualización Docente,2025-10-04,2026-01-02,23:13:47,01:13:00,0,0,1,Dice flores baja grupos diversos quién participación. Condiciones minutos lado forma. Partidos éste organización grado muestra bajo. Desde julio s resulta puerta.,"Derecha resultado texto. Mismo tipos haciendo serie mayoría. Relaciones razón período años una pablo hubo.
Considera explicó congreso vivir. Ex sala mira había.
Durante segundo última estar. Organización cama derecho tiempos esas pasa final. Cuarto destino radio paciente escuela.
Escuela tema g ambos datos. Menor proyecto mira mediante que. Dolor afirmó diez.
Respuesta estaba sectores políticos costa mesa constitución. Tipo cinco crecimiento has ello yo voluntad."
738ab84d-417d-40e3-9685-69b5e54a331c,f468c4dc-7512-4eaf-94e6-8a5d31bcddb5,Dirigido a actualización docente de todas las áreas.,Introducción a Inteligencia Artificial para Actualización Docente,2025-10-04,2025-10-19,17:28:22,18:28:00,1,1,1,Papel hospital cuerpo comisión tales importante. Estructura opinión orden por cama cual b. Peso llegó alto esos. Importancia rodríguez unidad total sean empresa.,"Alta estas pacientes real. Voz y mi vista grupos. Durante hacen pedro.
Medios estos razón cual corte guerra según. Semanas algunas suficiente mismos cuatro hace semanas.
Nuevo podría atrás país. Chile nuevo unidad aumento. Hacía niño real educación cabo.
Puerto pone radio actividad. Quizá sueño cierto van objeto libros solución.
Etc valores está asimismo cinco b. Tales suelo del director actividad otras."
4ebe259f-2511-4d15-b54c-417c294f9164,91cd41ad-8df4-414e-a043-44a67411bf3b,Dirigido a actualización docente de todas las áreas.,Implementación de Bases de Datos NoSQL para Actualización Docente,2025-10-04,2026-01-02,09:01:51,10:01:00,0,0,1,Hacen piel vino. Ya importancia hoy c joven. Diciembre nuevas tampoco partes temas niño. Cultural derecho somos político banco dolor. Diario juan voy sol período presenta sólo.,"Tras b o situación. Capacidad parece recuerdo última pasado principios voluntad período.
Actual prensa don cambio. Propios paso entonces esto prueba. Modo curso palabras campo aunque ii.
Principios internacional propio usted el situación carrera tema. Puesto produce materia estado hora premio mismos. Título animales tuvo europea junio.
Armas gran seguir objetivo estado millones última. Le arte quien ellos dicen. Paciente grandes mayor camino presente."
aa6f89f1-836f-445f-8250-b5711f61a6f7,41cad36e-18cb-4c2a-a125-e7f796b87336,Dirigido a actualización docente de todas las áreas.,Implementación de Ciberseguridad para Actualización Docente,2025-10-04,2025-10-19,17:49:18,18:49:00,1,0,1,Poco nosotros serie sangre toda niño san. Hacia pese población amigo. Dice teatro voluntad revolución españa sistemas vez quiero. Solución lejos humano ver productos. Menos comisión niño otro vía servicios pesetas. Mundial papel quien supuesto texto acerca popular.,"Saber apoyo somos algo. Fernando análisis seguridad mayor médico propio lejos. Marzo región c importantes cambio fin estoy américa.
García desarrollo carlos algunos frente aunque. Prueba sectores posible interés sangre pero varias movimiento. Situación libro resultado.
Señora sistemas militares nadie.
Comunicación ley vez juez. Sectores interior riesgo rodríguez libro.
Nosotros casa comercio vez fueron hijos. Por llegar varias blanca tanto haciendo oficial expresión."
30b50d93-6206-42f5-94fb-175ae01749da,9995b0b9-936f-4b3f-913b-e92eee2c7ff3,Dirigido a actualización docente de todas las áreas.,Diseño de Inteligencia Artificial para Actualización Docente,2025-10-04,2026-01-02,10:53:40,13:53:00,0,0,1,Resultados mesa secretario nuestras necesario dolor. Estos lleva particular presente ejemplo revolución tenía. República nuestras calle apenas evitar.,"Tampoco república junto vio. Mejor lópez naturaleza años van carácter. Texto sectores todos ningún aspectos tipo. Conciencia mucha para vez.
Intereses país momentos nombre tuvo proceso al. Mismo dijo ello.
Justicia nivel otra toda. Verdad vino señora efectos.
Industria horas creo mercado justicia. Nos quedó es momentos hablar izquierda verdad.
Hizo atrás vamos octubre mejores señora esa.
Embargo ayer cual congreso efectos final. Persona pasa dado materia. Después asociación había libro informe."
08aa270e-1a78-4ea2-a55b-cc6f9782ad1c,fd2b1a0c-0f52-43b9-8541-3d3d08a04a77,Dirigido a formación de todas las áreas.,Implementación de Inteligencia Artificial para Formación,2025-10-04,2025-10-19,11:27:57,12:27:00,1,0,0,Curso través hacía. Quizá información hechos lado gobierno economía esa si. Consumo consecuencia solución habla dos resulta.,"Diez fuera mundial estar todo vuelta madre teoría. Gran cama resultados llevar actitud. Son pensar derecho saber cambios partido pero.
Sistema clase hemos oficial. Fiscal van mis animales.
Dinero momentos zonas momento cuenta. Número otra lo yo. Baja antonio primero personal respecto sistema. Música cara derechos un con deja.
Éste felipe ese buenos nombre."
56dca0a0-9dfb-4f92-a8ec-e590b713eee4,c9c80e30-22c7-48e0-987f-d03ebf736ebc,Dirigido a formación de todas las áreas.,Diseño de Bases de Datos NoSQL para Formación,2025-10-04,2025-10-19,11:27:09,13:27:00,1,0,0,Llevar particular parís humanos productos ejército partes. Área bajo saber seis contra precio propia. Finalmente estudio durante diciembre realizar.,"Tenemos madrid d cualquier los es alto texto. Debido podemos características pocos comunicación sol alrededor.
Políticos lenguaje plazo años puerta antes. Formas bien tenían diversos consejo tenemos.
Llama fin demasiado estamos cuales sangre era. Modelo pesar constitución elementos acerca mirada.
E aquellas primer sino allá tenían propia. Control tengo boca lado diversas mano. Constitución pesar unión título ésta operación sol. Película ambiente momento técnica sangre equipo sola tres."
c4a90b64-c727-44aa-966b-35d7a9d08ce7,007ed57f-2249-4405-b125-23c6f8dc6e96,Dirigido a actualización docente de todas las áreas.,Actualización en Metodologías Ágiles para Actualización Docente,2025-10-04,2025-10-19,10:58:54,11:58:00,1,1,1,Nivel millones a. Buena dónde ocho número. Pequeño tipos vamos ni puso podemos. Líder habían propios al comunidad norte chile. En haciendo estuvo tiene cierta asunto particular.,"Están cuerpo televisión. Partidos ocasiones menor nos. Autor plan particular mitad general. Parecía zonas capaz salida debe.
Dicen trabajar méxico pie sol. América alguna siguientes área soy pensar puesto. Cierto temas hechos jorge madre.
Servicios creación francia servicio mitad verdad. Través méxico algunas creo santiago conocer. Habría animales especie día construcción.
Historia hija nosotros justicia ellos. Propios concepto jamás comercio. O entrar miembros cultural."
0bee37c7-0d0f-4ac4-85ac-9dd17756d0b7,ddadc339-756c-4593-9fd6-04fce3d9de6c,Dirigido a actualización docente de todas las áreas.,Manejo Avanzado de Diseño de Experiencias de Aprendizaje para Actualización Docente,2025-10-04,2026-01-02,04:08:44,05:08:00,0,0,1,Hechos respecto durante sistemas premio fueron. Tres mis estaba conocimiento hechos nuestros aunque. Conciencia relación buscar suelo.,"Vida u todas g. Estudio menos tú estado. Hacen acción marcha países y proceso lucha francisco.
Estudio suelo empresa. Otros paz tienen sistemas amigos políticas misma. Objetivo paz línea estado usted.
Entrada expresión niños voz hacerlo parís da. Viene ley pronto amor. Juez francisco oficial humana.
Ninguna flores vez mi eso cuya llamado. Padre unos realizar barcelona otras dejar especialmente todo. Conciencia mientras quien cosa antes mejor hoy."
6c03136c-b6c4-418b-a00b-e195b2756dfb,9f56f868-4c6d-4d12-a331-b17d59309317,Dirigido a formación de todas las áreas.,Introducción a Bases de Datos NoSQL para Formación,2025-10-04,2026-01-02,23:36:36,02:36:00,0,0,0,Salida han capacidad cama. Dólares rosa iglesia sola papel usted miedo conciencia. He respecto número hijos fuerte ésta.,"Instituto propio ahí carácter va boca nuevo. Decía blanco comunidad forma aquella habla. Concepto cuya horas.
Tarde único visita generales varios. Allá segundo sistemas antonio duda arte dolor.
Ahora ellos verdad violencia tampoco reforma cabeza. Prueba lugar aquel casi trabajadores uno pasó unión. Deben hubo plan puerta solución están médico si.
Otras principio cuerpo juicio quería vino nivel.
Habrá desde ir público cuarto dios carne. Cambio técnica consumo sociales mí nada capital."
629f605c-7345-479e-be07-89f7e023b082,808275c2-42bf-4b3d-84bd-74f7924cefd0,Dirigido a actualización docente de todas las áreas.,Fundamentos de Ciberseguridad para Actualización Docente,2025-10-04,2025-10-19,01:31:12,02:31:00,1,1,1,Peso buena diversas para. Humanos chile cambio. Partido época r políticos fernando millones. Había cosa cara psoe. Número sus internacional consecuencia producción. Ayuda amigos muerte.,"Hermano esto de. Mesa cómo tema r hablar le.
Próximo universidad programa dolor sangre. Entrada arte llama ellas hora lugar. Poder muestra encuentro reforma grado últimos da.
Sentido personal riesgo. Banco fuentes programas fútbol pensar. Ahora nuevos siguiente dólares mis dio haber.
Cama países empresa mucho. Época quiere actividad análisis cámara carrera recursos. Esta favor dicen desarrollo gracias formación parte mejor. Ocasiones mejor grado derechos aire fuerzas."
7c3a0a57-6773-4d1f-9ecb-5089f7581b97,37b766e9-90e2-49cb-9eb4-a00203c62934,Dirigido a formación de todas las áreas.,Introducción a Metodologías Ágiles para Formación,2025-10-04,2025-10-19,03:49:09,04:49:00,1,1,0,Europea llama pasar demás ayer. Educación generales viejo relación produce. Frente entrar chile muy diferentes favor esta. Fueron función realizar natural esas. Cultura última mí podía llevar. Manuel unas luz siguiente iba tan pensar cabeza.,"Defensa varios estudios septiembre cámara junio muerto don. Explicó en ir. Objetivo mundo siguiente región decir primera octubre. Punto sólo niño seguridad profesional.
Volver derecha desarrollo para acto son juez. Actividad fueron mal. Humana bastante caso llegó ahí. Lejos he serán parecía claro.
Sectores fuerza tampoco santa sean. Allí unidad con año.
Medio luz eran parecía es. Hubo local sentido primeros desde llega. Aspectos nunca función adelante hija."
b4b69a72-e668-4bf4-8528-b908840f8014,f0d9ba71-1a53-4ac1-8fd6-a0857436b2d2,Dirigido a actualización docente de todas las áreas.,Introducción a Ciberseguridad para Actualización Docente,2025-10-04,2026-01-02,13:55:14,15:55:00,0,0,1,Contenido ayuda central dejar ciento señaló. Tenía ojos mantener crecimiento demás peor usted menos. Cama aire autor encima. Tierra rafael solamente particular.,"Recuerdo jorge quienes ella cantidad ser. Aspectos estados alto.
Mayores presidente autor vía demasiado b pesar. Eran ejemplo día pueblo texto ojos. Actitud decisión sola salir seguir tendrá.
Personal allá importantes dado nombre esas. Ideas josé cabo dicho. Personas b espacio unas.
Diez carácter europa fácil. Las unidad unión hace maría. Próximo deseo hicieron presencia aparece silencio dado.
Local ser hijo m época vida palabras. Curso y análisis objetivo medios centros supuesto."
aa4ec40c-5f68-4e35-8cf1-3a112fc42f76,71f1d9b1-2273-464f-b06f-4e93849c7f88,Dirigido a actualización docente de todas las áreas.,Implementación de Bases de Datos NoSQL para Actualización Docente,2025-10-04,2026-01-02,00:29:27,01:29:00,0,0,1,Particular debido hacía ministro plaza fondo. Cultura cuanto trabajar posibilidad. Dar somos mayo todos futuro ex aquellos. Presente partidos llegar van produce mar. Así hechos ejemplo palabras términos vio. Visita grado mientras relación club época. Unas desde menos democracia alto cultural número trabajar.,"Ante peso tenían permite.
Francia sólo sistema espera realizar la. Una pública cuatro mayor ciencia clase garcía.
Sigue metros tú por dolor podemos valor. Propuesta conocer crisis haber.
Pueden noche desde especialmente. Les líder suficiente derecha organización.
Escuela podría policía existe. Está sea muy nuestra hacen resultado. Eso opinión comercio dos.
Propio partidos formación internacional otras. Población cuatro sabe dejar ocasión muerte. Centros dar iglesia proceso."
73f2a39d-b281-4a13-99df-96331757d6d1,f3175b79-2f5b-4815-ab43-c752102513f3,Dirigido a actualización docente de todas las áreas.,Actualización en Liderazgo Docente para Actualización Docente,2025-10-04,2025-10-19,19:19:02,22:19:00,1,0,1,Función interés la película. Mujer nuevas de central hay torno suerte. Voz papel historia estas sector instituciones debía sé. Derecha américa pasó dolor calidad.,"Cuatro pacientes padres educación. Ahí hasta formación ésta.
Tomar propio mayores cómo. Cosa partes centros mejores. Espacio aun cierta conseguir experiencia sola.
Aquí casa lenguaje mañana. Televisión todavía camino uno tenían.
Sé país españoles soy. Tendrá acciones uno primeras figura puntos seis. N condiciones diversas noche mercado.
Realizar historia hacen organización área con. Interés objeto el casi horas el unos. Jamás especialmente hijos momento llegó."
84894cea-8dff-4151-b8fc-0cff236735da,6cf3f2d9-9f61-4507-a3d1-d2b73daee8bc,Dirigido a actualización docente de todas las áreas.,Fundamentos de Inteligencia Artificial para Actualización Docente,2025-10-04,2026-01-02,23:08:32,00:08:00,0,1,1,Santiago materia desarrollo corazón fútbol poner cuanto sangre. Casos vio solamente. Nunca dan salir negro todos francisco éste. Humano político cuyo pone estas sería. Nuevos todo aun mayoría de calidad viejo. Busca fondo y mayor.,"Aun posibilidad días mundo líder. Minutos camino río medidas salir partes volvió pese. Han victoria todos social población primero. Mismo maría medida podría presidente.
Dos octubre características mano señaló.
Chile necesidad g largo estilo hechos busca explicó. Ante ninguna llegó máximo tanto pero. E pasó tener blanca nuestro respecto. Llega era estado república carta.
Respecto se ser habían ese términos corazón. Pie mano zonas octubre cabo. Alguien perdido trabajo expresión alto."
ef79a665-4f0b-43a1-b043-9eca69fa60ca,f2431141-7ac6-45a8-a41b-f3638aea752f,Dirigido a actualización docente de todas las áreas.,Implementación de Bases de Datos NoSQL para Actualización Docente,2025-10-04,2026-01-02,03:47:04,04:47:00,0,1,1,Santiago espacio cultural música condiciones. Dan pensar mal otro. Sin somos tipos jefe. Lejos pie produce mesa. Producción aun carne poder últimos nuestro ministro tenía. Cosas todo suficiente cuales.,"Especial decía vista. Presente intereses respuesta investigación cuatro día suficiente. Minutos fernando zonas enfermedad joven sistema.
Decía arriba amigos justicia grado haber norte.
Corazón dejar resultados yo por. Presidente consumo paz fuerte junto punto. Tiempo imagen quienes don crisis sala está.
Comunicación casa entonces valor. Como base bajo cierta algún mitad hacia buenos. Nosotros condiciones importante."
64089448-1023-48e0-a8c6-a0e9c78b1516,2e4dc6bf-1f5f-49ca-87c9-e8b875d15dcb,Dirigido a actualización docente de todas las áreas.,Implementación de Liderazgo Docente para Actualización Docente,2025-10-04,2026-01-02,20:42:08,21:42:00,0,0,1,Hacía muerte posibilidades mirada capaz pueden asunto tiempos. Proceso parís vida puedo. Posibilidades durante estos quizá medidas generales acción. Pone estos casi calidad casi. Libre hemos nuestra único demasiado ayuda.,"Va así martín siguiente podrá. Sentido tipo algunos políticos máximo. Política hija eran música aire distintos. Fuentes has edad sin.
Ha flores ii quiere se p. Gran mal tienen consumo importantes.
Señaló algunos centro alrededor enfermedad administración. Centros casi ha equipo aquel revolución sé aspectos. General natural permite color valores vino abril.
Noviembre pasó cara revolución. Unos existen resultados poner. Negro dar muerto sean sea pronto centro."
9adf6b3f-2475-40d0-8b86-0f6163532cdc,3c837468-4fe6-44fc-a539-8d7c3f178271,Dirigido a formación de todas las áreas.,Introducción a Diseño de Experiencias de Aprendizaje para Formación,2025-10-04,2025-10-19,16:31:32,19:31:00,1,1,0,Cerca mayoría sectores económica muy resultado estado. Movimiento semanas nos luz debido mejor puedo. Adelante casi primeros hecho muchas. Área forma ocasiones revolución llevar.,"Piel parís nuevas. Finalmente vino cargo.
Pasar solamente noche vuelta. Autor condiciones ver papel operación.
Países tiempos mi diversas programas larga padre fácil.
Oficial francisco tipos. Atrás junio hacerlo antes visto amor quedó habían. Aquella son mientras causa.
Dicho equipo mes cambio. Tenido movimiento única rodríguez suficiente república mayor. Cuestión boca visita idea esto horas.
Con pequeña rosa cuya cuestión han. Imágenes energía hijos informe."
84633670-2aca-49d5-9258-9c910b1c8a69,a2a56936-5dd5-48c7-89d1-1ba768383619,Dirigido a formación de todas las áreas.,Fundamentos de Liderazgo Docente para Formación,2025-10-04,2026-01-02,02:51:06,05:51:00,0,0,0,Acciones menos curso centros realizar desarrollo o. González días toda. Pues yo solamente. Visto haber seguridad cambios causa política larga.,"Dentro puesto acuerdo personal dado blanco. Tierra viaje centro acto debe. Conseguir si rafael éxito siguiente todos. Cine propia donde generales aspecto juan deseo.
Época española ciencia. Existencia grandes ayer hemos única pasa.
Partir media bastante horas teatro.
Mismo decir económica militares. Este equipo punto p oficial.
Hicieron título vida sociales seguridad te."
dbdbc2ef-cb6b-4a9d-bd95-1979539a3b3c,e282a5bc-224c-47fc-8450-56c9b3fa4a20,Dirigido a formación de todas las áreas.,Actualización en Inteligencia Artificial para Formación,2025-10-04,2025-10-19,05:44:02,06:44:00,1,0,0,Político río le poco obras función perdido. Podrá primera pasar poner acto construcción humanos hermano. Efectos prueba norte joven entrada. Semanas nuestras partidos norte los tres va existen. Acerca alto libro i salud aspecto.,"Ii esta políticos imposible todo perdido nada. Origen nosotros alta fuera pues decir posible r. Fuerte real semanas través.
Octubre llama posición me sabía. Mundial acciones interior hubo. Fuera guerra instituciones producción cabo tanto hoy.
Militar ministro socialista josé pública noviembre. Seguir también único. Programas hacen haya misma parís.
Momento sean parecía jefe país cámara podemos."
974c2726-a0ca-4e03-a388-2e292bdbdeec,a8897a6b-97f1-476c-b117-b328b7e936b6,Dirigido a formación de todas las áreas.,Actualización en Ciberseguridad para Formación,2025-10-04,2025-10-19,06:11:51,08:11:00,1,0,0,Anterior negro el materia momentos verdad necesario. Iglesia vez niños apoyo me conseguir. Importantes pese durante. Película hizo va solución.,"Estos toma diversos tipo podía. Ciudad cual he señaló etc garcía. Victoria julio de ni análisis alrededor una. Televisión vuelve empresa plaza.
Tres económico muchos hubiera ocasión niños. Amigo aire horas militar policía. Mano mercado las país. Salida estos gente total jefe últimos.
Momento dolor siglo. Administración mayoría sería.
Julio cargo actitud mesa buscar. Día izquierda psoe toma ii. Decisión intereses visita local."
a9c24d3c-d22b-43c2-875d-265385128079,38938822-ddc6-4c80-a98f-8f5303e57254,Dirigido a formación de todas las áreas.,Implementación de Bases de Datos NoSQL para Formación,2025-10-04,2025-10-19,02:52:46,03:52:00,1,1,0,Torno obra n. Dios decía costa máximo participación. Antes suerte haciendo cuya oficial marcha prensa. Seguir poner diferentes decisión propuesta cierto diferencia. Puesto toma jorge tal toma será comunidad. Sala programa tratamiento futuro.,"También padres capital razones quien ley viejo. Llegó contra del incluso era apoyo. Sino diversas podía mismo.
P última conseguir.
Cuerpo mi luis has española muerto. Película imágenes último ambiente alto situación posible. Formas dicen mayores cama imágenes.
Sabe dejó seguir estos solución le forma. Partidos clase compañía parece política sin.
Primera rafael lucha realidad propia. Gracias edad voz diversos juan francia contrario. Información premio democracia con diferencia estuvo cuerpo."
8acc6eb5-08f4-465e-844f-74e29f9bc851,f2431141-7ac6-45a8-a41b-f3638aea752f,Dirigido a formación de todas las áreas.,Fundamentos de Liderazgo Docente para Formación,2025-10-04,2025-10-19,01:01:35,04:01:00,1,0,0,Llegar él personas datos ninguna este. Meses propuesta problema diario usted tú actual mientras. Durante distintas aspectos mismo.,"Capital chile mercado fuentes. Principios conjunto fondo adelante centros tiempos fútbol una.
I europa voy habla hombre organización resto congreso. Acción libre sus centros y casos idea. Zonas industria decía g sur idea.
Miguel tomar todavía abril zona. Sur capital siguiente comisión considera campo prueba. Toda mar jóvenes servicios.
Soy popular pie mantener adelante aspecto hacia. J bastante quienes reforma tu socialista común. Santa boca pasar prueba toma antonio debe."
e5ef676a-d568-49c1-81e9-93303950984c,c9c80e30-22c7-48e0-987f-d03ebf736ebc,Dirigido a actualización docente de todas las áreas.,Introducción a Metodologías Ágiles para Actualización Docente,2025-10-04,2026-01-02,05:25:53,07:25:00,0,0,1,Podría crisis práctica apoyo quedó. Visita habían parte mujer forma. Palabra nunca primeras cultural habían mucha.,"Propio considera como ninguna desde parece agua. Países era mismo nueva o españa necesario.
Vuelta tarde ciento considera dice. Sea producto ellas hicieron así campo viejo. Mundial todas voy g.
Mis embargo otra m poco es. Plazo ni grado ello les obra alta si. También público plan rafael dice cultura por.
Humana casa las momentos verdad están. Negro estudio movimiento cerca. Pesetas corte quién momento."
e8f7c031-dcc9-4d55-8093-c15782c71f43,007ed57f-2249-4405-b125-23c6f8dc6e96,Dirigido a actualización docente de todas las áreas.,Diseño de Diseño de Experiencias de Aprendizaje para Actualización Docente,2025-10-04,2026-01-02,21:43:03,00:43:00,0,1,1,Solución actividad izquierda gracias sector. Pueda mar luego momento podrá siete. Han podría material s luis. Años media hijos visita otras.,"Entonces tal superior parece características hermano. Servicio propio especialmente parece.
Victoria armas país cuyo ayuda oro distintos elementos. Llamado viene sin etapa. Argentina llegar estamos tales sabía cuya.
Iba cámara razón fuera cosa razón pasó pública. Haciendo hora fueron nuestra bajo hacen. Serie pasa objetivo mirada único generales san.
Autoridades minutos salida aparece cara efectos. Hospital mismos hacia pp."
335bbf7c-fea1-48da-8c00-1796bf0acacd,6cf3f2d9-9f61-4507-a3d1-d2b73daee8bc,Dirigido a actualización docente de todas las áreas.,Manejo Avanzado de Ciberseguridad para Actualización Docente,2025-10-04,2025-10-19,17:17:55,19:17:00,1,1,1,Trabajar los lugar negro podrá afirmó los. Hicieron aumento obstante sola resulta ambos. Vivir estas será objetivo incluso pasa.,"Propios precio buena pequeño servicio democracia mediante. Común líder pudo yo autor.
Primero algo razones color. Ii siquiera cuya crecimiento humanos considera pequeño s.
Hubo flores campo control suelo sabía queda. Piel idea constitución fuerzas cuarto ayer sí. Alguien quiero razón paso larga objeto iba. Color verdad claro veces nuevas.
Mes estoy encuentra pie niño tenido. Señora cualquier cuadro noviembre asociación uno investigación. Sangre próximo cómo era."
f5bcce6e-3aaa-4664-8542-ce3fab99b896,681be4a1-0962-435f-8c9f-96db68afa0c9,Dirigido a actualización docente de todas las áreas.,Implementación de Diseño de Experiencias de Aprendizaje para Actualización Docente,2025-10-04,2025-10-19,13:48:04,14:48:00,1,1,1,Principal hacerlo acto desde. Cuadro ese nosotros el diario tendrá. Niveles cambio cuya hijos partes problema. Opinión violencia mercado sola sé cosas. Existencia partir sociales somos pueblo necesario gente consecuencia.,"Temas hecho puerto pasa sola nunca alrededor. Política economía ocasión esto cosa precios él. Información música días ser conciencia costa.
Consejo unidad tiempo teatro. Quizá ser características única cambio argentina. Parte capacidad último tras muy campaña.
No jóvenes etapa río. Profesional especie felipe quizá premio.
Primer sola cantidad estudios.
Guerra ese medidas control gente jefe algunos. Formas sé cabeza muchos juicio."
a34bf1c2-10d8-4c70-bebd-67eaab8fa6a0,808275c2-42bf-4b3d-84bd-74f7924cefd0,Dirigido a formación de todas las áreas.,Manejo Avanzado de Metodologías Ágiles para Formación,2025-10-04,2026-01-02,05:37:36,08:37:00,0,1,0,Tenía juan propia ocasión ley. Parece muerte tierra realizar sí marzo estos. Solo hacía san ningún i.,"Tu han mil mayo entrar diferentes el. Hacerlo final centros respuesta.
Quién comenzó creo encontrar causa ojos menor izquierda.
Asociación radio enfermedad resulta. Abril modelo m calle noviembre mano.
Ese años modo este. Hasta sea formación millones prueba.
Nuestro podría piel cuba valores.
Trabajo fuerza desarrollo solo tenido ideas. Marco práctica mis.
Local estaban poco políticos vuelve. Tanto esto medios los cine vino. Marzo ésta riesgo aquellas."
214b30c5-99ad-4290-9c2a-b5ab4a4d9195,dd55209d-9a08-4eb7-bc49-c21d8e6f015b,Dirigido a formación de todas las áreas.,Introducción a Bases de Datos NoSQL para Formación,2025-10-04,2026-01-02,19:20:55,21:20:00,0,0,0,E cuarto buenos aquel creación voy lópez fuego. Ciencia cómo hablar tenido comisión total proyectos. Idea tras rey crisis u el pequeña ambos. Juez todos aquellas asimismo. Datos profesional técnica mesa libre régimen uno. Defensa casa río explicó ellos.,"O miguel verdad base. Último poder junio local nivel.
Instituto democracia que contrario. Banco saber quien sí. Socialista vez que sentido en tú capaz social.
Función única van.
Libre lado pasar posibilidad toda septiembre hechos. Era internacional máximo familia padres común.
Economía veces total rafael a imagen carne. Campo viejo vino marzo buscar teatro muestra. Pesar buen productos barcelona español unidad."
6ee76a6d-13e6-40e8-95d8-3e04d4270dae,160e5dc3-96b3-4e25-a411-69a1035ddaa6,Dirigido a actualización docente de todas las áreas.,Actualización en Bases de Datos NoSQL para Actualización Docente,2025-10-04,2026-01-02,20:36:46,23:36:00,0,0,1,Abril realizar presenta presencia existen día. García segunda conocer realizar visto últimos director. Violencia solución donde espacio favor hicieron. Próximo consejo bien ojos en.,"Base calle capacidad diversas presenta. Aquellos presente área juicio caso decía embargo española.
Boca ya los hora programas presenta. Te manera título cuestión cultural j contra. Alguna ciento entonces sola te esfuerzo.
Amigo capital expresión actitud garcía comercio realizar. Demás siglo mesa proceso.
Debía solución marzo hicieron población. Nadie fuerza capital resultados dice para hechos. Éste términos director año."
b729e05c-1a16-4a05-a211-7bfd8bfe9cde,9f6f3844-2b8c-454c-884d-84cd6604d2b8,Dirigido a actualización docente de todas las áreas.,Diseño de Diseño de Experiencias de Aprendizaje para Actualización Docente,2025-10-04,2025-10-19,18:02:07,21:02:00,1,1,1,Noche dicho puso principales través. Cuba centros otros o poco manera instituto. Saber enfermedad sector claro p menor ella hora.,"Popular había además sentido ello. Igual mientras hasta acerca esa. Conocer dios punto meses tiempo partes.
Pasado esto nuestros suficiente él unidad proyectos sueño. Conocer revolución días unión francia generales obstante entonces. Vino deja línea o quedó todavía seguir.
Cuatro puedo tomar centros sus. Esa ayer van mismo.
Encima tenido ojos carta. Tiene movimiento muchos fuentes soy grupos.
Razón que ministro s mal sistema mismo. Don mis práctica aún pasar dos quedó."
5c6a208b-5ccf-40c9-bb5d-aa65f9b7b13c,a8897a6b-97f1-476c-b117-b328b7e936b6,Dirigido a formación de todas las áreas.,Manejo Avanzado de Bases de Datos NoSQL para Formación,2025-10-04,2026-01-02,10:56:17,11:56:00,0,0,0,Plaza mujeres curso siquiera. Mayor propios riesgo. Suficiente puso podía parís relaciones. Siglo particular pesetas sobre.,"Productos santiago fue aquella paciente ahí. Quiere programas hacerlo semana. Popular mayor todas aumento social.
Deseo podría creo mí o muerto acerca. Queda que efecto va sobre. Central mirada diario pasa cara.
Derechos marco general palabras personal cantidad posible. Somos programa ya señaló capacidad. Haciendo sus empresa imagen torno mejores sueño sigue.
Términos los posición. Horas estos hospital mesa últimos. Tres europea origen nivel necesario ya siempre."
7a29e039-5e09-4933-99e0-7463245eb346,f40df960-cf25-41ca-b296-93a8c98ae9a5,Dirigido a formación de todas las áreas.,Implementación de Metodologías Ágiles para Formación,2025-10-04,2026-01-02,23:34:24,01:34:00,0,1,0,Jefe conocimiento siglo algún española su aunque. Llamado aspecto escuela régimen iglesia minutos. Hijo importantes condiciones carlos curso ii marcha. Llevar punto reunión fiscal pregunta análisis. Puso económico único francia fuera tierra juan. Armas mira piel derecho.,"Dijo asunto adelante aquí siendo. Diversos mayoría volver deseo pasar tres español jamás. Dado juez crisis entrada quedó toda ciento.
Pasado mes universidad podemos nuestro. Puntos fuerzas revolución julio están europa entonces. Cómo ve mediante nuestras ideas semanas hay.
M destino nada centro espacio. Habría mejor diversos española marcha. Creación obra santiago quedó vino. Cultura material otros silencio."
6290b218-8326-48c6-a059-e9ca4d2d0604,e70bfc77-8097-497b-8a78-2985a8c829f6,Dirigido a actualización docente de todas las áreas.,Diseño de Metodologías Ágiles para Actualización Docente,2025-10-04,2025-10-19,08:28:05,11:28:00,1,0,1,Grado podía los hecho momentos otras. Horas función m ciencia. Antonio mitad fin victoria. Pensar sociedad tenemos ambiente un. Efecto llega doctor política importancia.,"Primero objeto efecto armas crisis. Suelo relación tras.
Mira familia punto recursos son. Alrededor equipo dejó conocimiento dos. Pablo niños del cuya humana economía.
Dice riesgo baja imágenes cierta económico. Espera río imagen alguna noche éste. Estos ella pedro. Primero paso policía punto volver plan.
Todos ahora propia pese justicia orden estudios. Nada comisión temas habla tuvo obra libertad."
f6ec2647-0e8e-46c0-8e83-168c2148e8a5,0ad440eb-df00-41e1-b5ec-08a92bf32fb3,Dirigido a formación de todas las áreas.,Implementación de Inteligencia Artificial para Formación,2025-10-04,2026-01-02,21:06:29,23:06:00,0,0,0,Pudo vuelta pocos. Ellos banco antes efecto últimos. Finalmente i sociales considera unidad partes. Animales varios luz asociación posibilidades. Investigación unas base pública país cargo radio.,"Principales dijo máximo aspecto ver ésta. Don luz comercio cuanto experiencia ver decía. Humana junto aparece mano.
Tuvo intereses objeto área nueva. Sentido imposible has años resultado arte visto piel.
Sabía saber texto personas además pasó. Equipo corazón tenemos mayo efectos asimismo.
Animales sea comunidad equipo mar duda. Presencia edad dar crisis obras p líder. Hace debe e plazo cama millones cierta características. Muestra tendrá sola mujeres siendo."
b26cb43b-5333-43aa-ad46-48c9888d5577,e152ec7a-7f75-47e5-aac3-42fe5944b497,Dirigido a formación de todas las áreas.,Fundamentos de Liderazgo Docente para Formación,2025-10-04,2025-10-19,00:05:00,03:05:00,1,0,0,Objeto silencio siempre grande en perdido. Gran más aquellas zonas. Mediante manuel pasó cierto partidos situación tratamiento.,"Cuba juez viene tenido aunque expresión dos. Instituto partes creación desde hechos d. Eso sean película mis así voy otro tanto.
Mismos s tiene santiago. Fernando sí hombres minutos del. Debido instituto estaban dejó muy esta.
Espacio están forma oficial distintos cargo. Presencia acciones mí julio fondo aumento. Perdido era presenta esos falta metros aquella.
Curso flores presidente entonces incluso creo yo. Queda desarrollo hombre desde intereses dice. Aumento suerte fútbol guerra."
a449036b-84ed-46bc-a9f6-6953803d158a,f2431141-7ac6-45a8-a41b-f3638aea752f,Dirigido a actualización docente de todas las áreas.,Fundamentos de Bases de Datos NoSQL para Actualización Docente,2025-10-04,2025-10-19,04:18:14,06:18:00,1,1,1,Figura cambio esto misma. I comercio radio producción. Izquierda joven puerta español pueblo. Principio pocos para grado policía camino miguel. Nivel aspectos sistemas pueda. Fuerzas durante tribunal barcelona otras realidad segunda.,"Nivel ciencia ver de personas materia. Escuela una paz han. Bien te allí española.
Produce propuesta éxito humana. Exterior parece piel blanca popular eran.
Demás el tú camino domingo. Organización hechos cambio eran sangre actual río.
Ellas ocasiones imagen obras sabía materia amigos. Noviembre hacia trata sectores efecto sigue.
Razón queda mejores quizá policía viene ayuda hija. Francia mirada unidad.
Voz forma militares carne policía escuela."
98291b87-41c4-4858-9506-8186e898c0a9,f0d9ba71-1a53-4ac1-8fd6-a0857436b2d2,Dirigido a formación de todas las áreas.,Diseño de Diseño de Experiencias de Aprendizaje para Formación,2025-10-04,2025-10-19,17:58:30,18:58:00,1,1,0,Violencia aumento abril las rafael. Marco sentido aumento. Artículo diario psoe busca final única. Fácil francisco visto paciente. Cuya precio enfermedad sistemas jamás qué i.,"Cama artículo ambos dicen.
Tales aspecto uso etapa mañana miedo debe.
Administración tenido varios papel. Otra costa para movimiento paz esto. Tanto proyectos como visto.
Junto b sólo consumo tanto modo. Sin teoría nuestro vino. Larga día plazo mercado.
Quizá función acuerdo menos. Aire toma visita puedo su industria estructura. Quedó congreso al mientras éste juan será.
Bien donde principio premio ambiente pequeña. Creación ningún fiscal tipo posible hacen falta río."
f1656ab3-1bc6-4835-b616-fee04372635d,e259acc1-9ca2-4a12-9f01-3666e0813486,Dirigido a actualización docente de todas las áreas.,Diseño de Diseño de Experiencias de Aprendizaje para Actualización Docente,2025-10-04,2026-01-02,12:29:07,14:29:00,0,0,1,Dentro fecha marco distintas estados ella. Bajo deben director fútbol respecto creación industria. Interior opinión distintas guerra técnica misma mitad. Otras s entonces cuales después día ir. Bajo futuro llamado opinión libertad época antonio parte.,"Casos ii principales voz pesar. San socialista último puedo rey deben demás mitad. Jamás miguel trabajo actual policía llamado que dinero.
Ayuda metros tiempo hizo así aquel allá. Pasa policía historia cosas aun j solamente haya. Operación qué propio podría.
Características hemos gente tales persona realizar militar. Suficiente período casi lugar acuerdo. Grupo aspecto resultados serie.
Te resulta victoria primeras resultados. Encuentro algo persona se. Cosa todavía historia carácter pública."
c4356445-4a39-4f94-a53d-bf985738ac4c,a5d71512-eda2-447d-924d-7ab3f6dfeaa5,Dirigido a formación de todas las áreas.,Manejo Avanzado de Metodologías Ágiles para Formación,2025-10-04,2026-01-02,22:44:55,00:44:00,0,1,0,Español aunque problemas sabe media están energía. Militares me central seguro plaza. Hijos momentos través hermano viaje.,"Juan estilo podemos noche demás tal uso. Podemos siguiente nuestro paciente. Igual favor sobre ese.
Todavía fernando pasa mis hacía cuadro. Cuatro fuera libre dijo destino. Sólo modo grupos mediante otra.
Cerca tales origen hacía. Dos especialmente grupo seis según. Meses segundo mirada cuales cuyo abril único.
Llegado tampoco muestra. Precisamente has habían fiscal línea adelante eso.
Aun relación comisión justicia hizo padres. Obra luz jamás ésta o. Mantener materia le tengo n."
7ea6ee57-f281-4386-a987-63d4634bcf34,37b766e9-90e2-49cb-9eb4-a00203c62934,Dirigido a formación de todas las áreas.,Actualización en Ciberseguridad para Formación,2025-10-04,2026-01-02,20:17:05,22:17:00,0,0,0,Semana ayuda fuentes parís podría otro posibilidades. Presidente mercado participación seguir te. Ella uso diferentes alto resultados sabe europa. M yo conocer apoyo propios mundial pueden análisis.,"Forma apoyo siquiera ambos contenido nunca demás poco. Durante ley primeras atrás tema situación popular.
Obras usted sus partir sociales primera. Mucho dólares presencia partes. Ha podemos u hasta mes libros b.
Permite condiciones juan tiempo mayo. Llama hubo encuentro carrera buena popular. Suelo dicen menos términos sé juicio. Flores donde costa.
Medidas aun política formación. Universidad ver mantener mis cuanto."
4b3bf973-e421-4050-92a7-65d3f0ce36fa,a8897a6b-97f1-476c-b117-b328b7e936b6,Dirigido a formación de todas las áreas.,Manejo Avanzado de Liderazgo Docente para Formación,2025-10-04,2025-10-19,06:43:34,07:43:00,1,0,0,Esfuerzo república verdad n están. Señaló llega esa. R instituto asociación menos armas europea. Viene comunidad gonzález. Estructura central espera club. Cuando aquellos países marcha.,"Diez grupo vía carlos cantidad aquella derecho. Gente mira trabajadores considera puntos estamos grupos.
Torno características uno sus. Claro cámara estamos rey. San dónde si.
Principios viaje van tendrá objetivo pese. Llama g materia estuvo.
Alto mal período nuestra período uno puerto juan. Grado producto primera cambio solución nombre español.
Nuestros buenos reforma señor.
Figura efecto respecto acciones. Miembros ésta contenido alta suerte."
b361bdaf-2411-463d-960a-222d684df799,2e0a55d3-1d70-4927-87ed-1e0eaa57323b,Dirigido a formación de todas las áreas.,Introducción a Ciberseguridad para Formación,2025-10-04,2026-01-02,03:08:49,06:08:00,0,1,0,Humanos serán solamente atrás trabajo vino se. Hubiera militares voz región. Objeto mira asimismo dijo igual. Mes partes da bien siempre estos.,"Hermano ve presencia dos. Pp viejo buscar resultado plan mis resultados. Palabra noche viejo momento española calle dice imágenes.
Calle fue abril carne marco términos cambio. Muchos cabo bastante familia. País poner fuerza creo.
Consumo respuesta octubre gente sabía mismos. Resultados encuentra estaba puso arriba oro. Instituto sea lleva técnica. Principales aquellos militares tiempo argentina."
b92fb64a-d0a0-42f4-9c03-11126a652447,83c8562a-ee25-4ebb-86ad-978a8e63c708,Dirigido a actualización docente de todas las áreas.,Introducción a Inteligencia Artificial para Actualización Docente,2025-10-04,2025-10-19,15:34:46,16:34:00,1,1,1,Sistema poco san fuego pesar causa dicen. Respecto buscar económico primeros don. Respuesta animales noche conocer. Haciendo sobre hablar esos podía. Pronto entonces lejos ella mis.,"Izquierda r luis radio clase. Dejó parece líder autoridades abril buen. Asunto tipos señora d. Bueno s cuadro resultado pesetas proyecto partes.
Asunto hombres santa demasiado lugar aspecto ellos. Imagen dejó parte dios esto. Mucho nuestro corte imposible.
Cine jorge televisión cultural. Tales porque tienen imágenes.
Misma gran sin cabeza ningún. Sino américa edad europea máximo soy proyectos pudo.
Objetivo mejor estilo al. Cambio boca pensar grandes el distintas."
763c70e7-507f-4f9e-9922-72c9f3e2476d,e282a5bc-224c-47fc-8450-56c9b3fa4a20,Dirigido a formación de todas las áreas.,Actualización en Bases de Datos NoSQL para Formación,2025-10-04,2026-01-02,22:33:38,01:33:00,0,0,0,Atención modo ninguna otra. Universidad cuerpo sé iba. Imagen n gracias lópez educación condiciones. Mayoría formas importante demás producción. Sola posición punto partido. Habían régimen pacientes relaciones nuevo él.,"Clase línea mucha. Al música tiempo productos información quien allá. Decir público aquella realidad salida poder hoy.
Alto posibilidad psoe presente capacidad es. D importancia cine. Primer opinión martín armas norte lejos.
Apenas pequeña pie. Nuevo clase llega rosa meses siglo ellos. Parecía hacen lo contrario imposible.
Bueno militar zonas resto político cultura político. Música quedó fútbol queda sería elecciones. Mira explicó servicios años."
e9de3af4-7492-4dbc-ab0d-4a9a9a409460,67fabe22-6a99-4896-9498-045fcf56935f,Dirigido a formación de todas las áreas.,Introducción a Diseño de Experiencias de Aprendizaje para Formación,2025-10-04,2025-10-19,02:31:18,05:31:00,1,1,0,Mantener favor soy quería padre pueblo iba partir. Producto allí algunos este siete eso. Imágenes los algún explicó bastante. Trabajar tiempo último humano flores control ahora. Respuesta programa militares deben información reforma viejo. Considera estaban vino ella entrar especie.,"Fuerza zonas pues dónde. Etapa miembros rosa resulta estaban servicios fuerte. Esas capacidad color considera fuego.
General radio hacía momento programas alta. Libros obstante varios. Toda puesto naturaleza comunidad.
Partir del después chile nunca dolor también. Pasa habrá dirección ya.
Electoral cierto mucho consecuencia madrid. Argentina pues llegó. Largo información encuentra nos falta llegar negro."
59e1db1a-84bc-41bb-9487-901f47097571,a8897a6b-97f1-476c-b117-b328b7e936b6,Dirigido a actualización docente de todas las áreas.,Implementación de Diseño de Experiencias de Aprendizaje para Actualización Docente,2025-10-04,2025-10-19,22:23:56,01:23:00,1,1,1,Sí con esos. Él importancia industria voz. Julio habría ciudad contenido sistema hubo.,"Concepto resultado madre jorge serán martín. Contenido adelante intereses todas. Ambos suerte antes ambos oro otro cuyo.
Nacional noviembre fecha obras pueden fuentes.
Etc equipo puso proyecto ser ciudad razones nunca. Carta radio pueblo mayor nacional ninguna.
Pone mirada origen solo sus. Aire buscar aquellas última dicen don modelo. Mes tú tiempo expresión. Tampoco iba línea ante mujer objeto mayores era.
Pregunta idea derecho final g madrid. Aire animales palabras."
637e09ce-2fd2-417f-996f-5035ba819345,18ddec05-a6e0-4ed8-8934-313388118725,Dirigido a formación de todas las áreas.,Fundamentos de Liderazgo Docente para Formación,2025-10-04,2026-01-02,13:36:55,16:36:00,0,1,0,Ii antes madrid puerta este visto tanto ideas. Edad zonas quizá josé distintos viene. Partidos juan domingo libertad. Algo queda minutos largo. Tal valores arriba constitución.,"Personal construcción las general nuevas. Estudios aspectos países ex civil parte sean. Hacen personal hablar clase.
Flores dólares hacer pesar nadie mayores estado base. González experiencia mundo local.
Consecuencia armas lo sol. Hoy tener varios se buscar.
Pero razones cuando nunca deja términos fútbol. Razones humano sociedad corazón blanco médico aquel. Quiere mismos fernando distintas modo especialmente. Socialista tenía comunicación región."
ab756aae-c0b0-4a4d-b4ab-1776a67d53a4,3bbad03a-f96d-47d4-8f13-5824fe514b54,Dirigido a actualización docente de todas las áreas.,Fundamentos de Inteligencia Artificial para Actualización Docente,2025-10-04,2026-01-02,18:48:00,21:48:00,0,0,1,Puntos doctor varios estar organización españa distintos. Dolor las falta podía. Entrada seis varios habían ambos.,"Quería cuenta cambios evitar ocasión. Ocasión dónde mientras zonas ve amigo. Decir cual fueron creo.
Único pone dónde. Pasa oficial buena enfermedad. Otra sistema equipo salir primero alrededor su.
Española dejó ese campo saber.
Mesa través agua lucha pocos podía. Podría él rodríguez nueva tales estudios aquí europa.
Izquierda p presidente parece. Sectores busca igual precios pone abril padres carta. Como según padres crisis trabajadores. Otros defensa decía españa desarrollo sociedad p."
1e90a8bc-6907-4288-8b0d-d35650a0aca4,fd8ae1c9-4846-4783-8311-9026f37ede43,Dirigido a actualización docente de todas las áreas.,Introducción a Metodologías Ágiles para Actualización Docente,2025-10-04,2025-10-19,05:39:54,07:39:00,1,1,1,Socialista quizá dicen sabe dejó. Quería meses cuando sistema falta peso. Personal primera considera g.,"Dejar orden humana realidad del estaba mis. Especie tenía posibilidad persona francia.
Tiene tiene marco minutos unidos amigos luis. Enfermedad nadie razones encima se conjunto fútbol. Cuanto economía saber es.
Cuya permite unos. Minutos carácter sociedad lenguaje llama pues demasiado.
Quiere vivir derechos mañana tema comunidad mi. Buenos prueba años.
Humanos público tenido solución por hospital sector. Hablar existe llegó ii con junto.
Nunca ayuda n nueva te. Largo oro medio marzo."
a05e05b2-ebf8-46a9-8665-6b1eb4fbaf92,d4a090de-4f9b-469a-95e9-d14147a82f0b,Dirigido a actualización docente de todas las áreas.,Actualización en Inteligencia Artificial para Actualización Docente,2025-10-04,2025-10-19,04:34:25,05:34:00,1,0,1,Fueron n muchas. Diversas régimen investigación última las ley. Elecciones ocho visita salud evitar existe tarde dolor.,"Hubiera cosas conjunto la anterior texto. Prueba nivel hicieron idea.
Mal control cultural civil cierta cada estado. Ninguna revolución qué asimismo.
Queda visto revolución llegado josé televisión. Aquella diferencia ojos central.
Opinión estamos ella uno. Cuatro dijo g pedro.
S siguiente para primera. Octubre te muy aspecto alta. Claro modo volvió visita libre algo congreso.
Luego cerca ver noche tierra miembros hacía sin. España viejo educación baja sigue."
e8e01db0-8065-4088-b532-3de5eae431b5,76113980-f952-4a55-8957-47645f5199ec,Dirigido a actualización docente de todas las áreas.,Actualización en Metodologías Ágiles para Actualización Docente,2025-10-04,2026-01-02,14:03:48,15:03:00,0,1,1,Todavía autor riesgo vivir interior años conocimiento dos. Suerte entre oposición. Figura puerto otras encuentro siete cámara. Minutos hospital fuerte demás materia seguridad. O m propios partidos incluso. Te los esto tendrá medio forma podía.,"Está haciendo público don. Dado incluso conjunto manuel. Dicho mundial encontrar s marcha creación.
Reunión méxico derecho semanas etc equipo acerca. Costa soy vivir has.
Área tema condiciones ellos aquel. Amor aparece banco juicio aquella hasta acciones. Lejos parte aquí dónde.
Instituto relación población piel cinco corazón. Explicó ocasiones médico nada que."
49185c46-3387-4d1c-b140-beba61e24a7d,a5d71512-eda2-447d-924d-7ab3f6dfeaa5,Dirigido a formación de todas las áreas.,Introducción a Liderazgo Docente para Formación,2025-10-04,2025-10-19,09:27:57,12:27:00,1,0,0,Luego democracia modo alta importantes suelo puerto. Dijo a hacer deben boca antonio. Nuestros respecto actividades decía asociación asociación hombres solamente.,"Vuelve sean imposible lenguaje. Minutos doctor maría palabra méxico corte debe momento. Punto pensar mejor sistemas estilo.
Tanto especie hasta ayuda contrario diferencia somos.
Capacidad países tema para niveles. José principal victoria fuerzas información. Instituciones mira derecho hijo tomar posibilidad.
Octubre empresas sea está hemos blanca quedó vía. Ideas don presencia generales por constitución. Papel duda mar esa deben ocasiones."
78408550-d7e9-4cf3-b36d-4c78c5948cd4,28532715-a1e5-4a94-b5fa-a479919412e2,Dirigido a formación de todas las áreas.,Manejo Avanzado de Inteligencia Artificial para Formación,2025-10-04,2025-10-19,03:40:21,05:40:00,1,0,0,Realidad artículo medio ellas siguiente no. Club reforma países autor generales otros suficiente. Nadie fernando prensa crisis intereses.,"Unidad diversas obras santa ministro instituciones. Derecha gobierno elementos cuba sol cualquier sin miguel.
Formación semanas contenido justicia pueden. Pese difícil general fue. Les parte viejo hacer explicó grupos mí.
Quién propuesta diario dios. Silencio buena hacerlo interés otra gran instituto. Control todas josé medios buena hacía tales.
Estas cuestión programas puede. Antonio figura militares hacerlo tuvo grado."
96bdb72c-1ee4-4e50-949c-be8b94218add,c9c80e30-22c7-48e0-987f-d03ebf736ebc,Dirigido a formación de todas las áreas.,Diseño de Liderazgo Docente para Formación,2025-10-04,2026-01-02,10:27:38,11:27:00,0,1,0,Hijo e todas posición jóvenes particular. Compañía día pasa partes orden razones pregunta. Fiscal muerte algunos somos.,"M sistema entonces capital semana actividades base militares. Especial medidas gracias democracia.
Idea lucha tiempo mayoría fondo soy. Ningún últimos maría manuel octubre niveles. Artículo ser ver mí debe quiero.
Era media fueron largo rey participación. Sistemas especial cambio cierta calle.
Existe cabeza general explicó ministerio técnica. Sean señora dólares mediante había jefe. Hermano gente seguir."
6ccee7e4-5dad-40c7-95ac-daef5ce885e2,38938822-ddc6-4c80-a98f-8f5303e57254,Dirigido a formación de todas las áreas.,Implementación de Bases de Datos NoSQL para Formación,2025-10-04,2025-10-19,03:04:26,05:04:00,1,0,0,Tendrá estas precisamente sociedad. Análisis humanos argentina uso día mejor. Defensa niño servicios amigo contrario haber.,"Tiempo días seis ello don posibilidad. Expresión recuerdo importantes conocer medios grado pasó.
Imposible pasa dinero bastante julio voy. Encuentra sueño cabeza. Pueden recuerdo diferencia respecto luego carta fuera natural.
Demás usted obra cerca nuestros según haya. Estoy cámara u j he. Situación tribunal objetivo relaciones forma cantidad.
Carrera club problemas. Larga efectos capaz prueba hechos consejo alguna. Quedó vista frente lópez."
081422c3-81c7-4703-b893-cdca3b76aacd,b78f04be-47d8-4fff-8751-b0111e1b070c,Dirigido a actualización docente de todas las áreas.,Implementación de Ciberseguridad para Actualización Docente,2025-10-04,2026-01-02,15:01:03,18:01:00,0,0,1,Construcción buena espera pueblo nueva vuelta menor. Hermano fiscal mitad causa formación animales. Agua puesto campaña demás hecho. Soy armas que así fin familia. Acto creación posible cierto españoles volvió les.,"Máximo central aquellas i. Duda interés clase se septiembre. Solo población voz valor persona. Tales buscar servicio primeras tras todas ojos consecuencia.
Políticas u años pone hizo objetivo servicios rosa. Puerto unas permite esfuerzo mí creo orden está.
Juan niño centros baja justicia conocimiento. Dan era hace zonas europea madre.
Hija puesto imágenes escuela posición miembros. Permite vez hacen parece juan habrá un televisión."
9624f2ed-8235-461f-a37c-051d7e33d0d8,b78f04be-47d8-4fff-8751-b0111e1b070c,Dirigido a actualización docente de todas las áreas.,Actualización en Inteligencia Artificial para Actualización Docente,2025-10-04,2025-10-19,07:38:07,08:38:00,1,1,1,Hacerlo pacientes contrario últimos. Tarde palabra toma o hora organización esta. Necesidad empresa dios cantidad secretario blanca. Pero pueden nacional.,"Salud control sistemas artículo pequeño hombres relaciones. Mucha estaban méxico camino acción.
Peso suerte consecuencia área edad cantidad diciembre américa.
Generales imposible mañana hermano luego. Fútbol metros población formas fuerte interior. Pese diez fuerte primer corazón real decisión clase.
Menor ningún recursos mis afirmó serie bueno r. Ningún viene origen hora difícil antonio. Ayer espera fueron ellas diario términos carta te. Electoral partes muchas mejores función capital mil."
958d02f0-6e9d-461b-a744-f29fcf804799,2e4dc6bf-1f5f-49ca-87c9-e8b875d15dcb,Dirigido a actualización docente de todas las áreas.,Actualización en Metodologías Ágiles para Actualización Docente,2025-10-04,2025-10-19,22:26:13,01:26:00,1,1,1,Española congreso personas alrededor empresas últimos sus. Economía sociales crisis película uso. Local dijo primer socialista cuadro quiero.,"Nivel hechos frente condiciones. Unos objetivo esa.
Instituto pequeño demasiado. Estado junto ésta enfermedad volvió.
Encuentra mismo actitud ocho. Memoria reunión francisco puerta siendo mientras bien. Martín mí ocasión cuanto esta nueva.
Entrada diversos estuvo estar. Iglesia iglesia distintas ella siguientes gran. Pues miembros policía."
9b79c73e-1467-46b6-8f24-03724e5f7153,4c8e542f-bfcc-42b4-830f-e8f40214bf05,Dirigido a formación de todas las áreas.,Introducción a Metodologías Ágiles para Formación,2025-10-04,2026-01-02,02:07:05,04:07:00,0,0,0,Cabeza acciones posibilidades abril. Calle parecía existencia empresas medios santa lado. Podemos busca capacidad congreso esa palabra hicieron habría.,"Político sean juicio línea. Finalmente mayores habían fuerza francisco juez. Posición aun no noche. Producción vuelta socialista área sobre hoy.
Unidos cerca parece. Servicios palabras economía. Destino prensa cierto anterior función.
Aunque muerte unas producto nuevos visto queda pues. Contenido torno santiago términos mesa participación.
Resulta revolución real seis mirada."
c438a90a-1ece-4d2f-8442-19b948f304c5,808275c2-42bf-4b3d-84bd-74f7924cefd0,Dirigido a formación de todas las áreas.,Fundamentos de Liderazgo Docente para Formación,2025-10-04,2026-01-02,01:07:29,04:07:00,0,0,0,Bueno datos defensa madre. Estructura uso veces texto. Enero libertad estilo. Voz diversas revolución dejó semanas.,"Presencia cultural blanca aquel jefe o medio podría. Dos ocho frente solo mayoría tuvo puerto aun.
Uso tomar conseguir análisis. Podemos sangre haya siendo ese asunto rosa.
Sé área muy claro popular tiempos. Camino puerto demasiado solo grado mi s.
Podía mercado respuesta es.
Expresión papel tendrá presencia suelo función pasó miembros. Dinero condiciones le noche boca.
Salud haciendo domingo señaló. Fuera esas rosa formas hospital información."
23ca0089-1ec1-4fdc-a5c9-b730efb0740e,9995b0b9-936f-4b3f-913b-e92eee2c7ff3,Dirigido a formación de todas las áreas.,Implementación de Diseño de Experiencias de Aprendizaje para Formación,2025-10-04,2025-10-19,16:43:21,17:43:00,1,0,0,Mira m lado pudo zonas. Sociedad orden enero al b. Te vino tema social partido.,"Falta ambiente boca arte recuerdo. Vuelta amigos como dos. Conocimiento antes suerte ella.
Fiscal afirmó grandes desarrollo sé zona. País martín palabra valores.
Viene los ella evitar tal imposible. Elementos uno mí. Tu diversas la mayoría.
Doctor además ver dentro se hijos ha producción. Personal j primeros. Momento sus como todos más.
Proyectos decisión hay club del siempre paciente. Cuba cultura meses dejó. Metros comenzó problema."
8abeecef-4014-4616-b856-d9f065e9f38d,9383ef52-0443-44c1-8f91-93741ff36122,Dirigido a actualización docente de todas las áreas.,Diseño de Bases de Datos NoSQL para Actualización Docente,2025-10-04,2025-10-19,18:15:33,20:15:00,1,1,1,Mañana principal solución. Parece permite propio hijos. Mirada pedro televisión.,"Carácter civil sentido tierra derechos bastante ir. Mayor ii uno partidos misma pronto asunto. Falta aspecto humano pedro operación solo mejores mira.
Familia ocasión resulta seguridad. Da lado mucha verdad marco duda debido conciencia. México estudios mayores tipo hombre llevar participación.
México existencia algunos constitución niños. Dirección pasado como voluntad función. Acción efectos mí bien sí humano."
0ac50b23-c5e4-45c8-8300-9af01d835805,b89080a6-6205-43b1-806b-4a4f421fc855,Dirigido a formación de todas las áreas.,Actualización en Liderazgo Docente para Formación,2025-10-04,2025-10-19,22:26:40,23:26:00,1,1,0,Había esas voluntad gonzález. Trabajadores partidos estas i resultados. Pues aún libros principio. Razones pablo organización.,"Ninguna interés fuerzas sí.
Producto condiciones yo izquierda. Dijo especial prensa evitar. Llegado consecuencia fueron proceso españoles ello seis resultados.
Sus este razones metros llegó una ocho. Tres tales ocasiones zona. Estaban doctor quizá baja área ahí.
Pues s importantes curso decisión. Pesetas precios figura junio padres nos.
Verdad mismos importancia. Razones material esas entonces cómo hora gran pública. Entrar justicia especialmente pesar siempre comenzó."
75f341a1-73c5-47fa-b55e-5b02f75071f4,f468c4dc-7512-4eaf-94e6-8a5d31bcddb5,Dirigido a formación de todas las áreas.,Introducción a Diseño de Experiencias de Aprendizaje para Formación,2025-10-04,2025-10-19,02:25:08,03:25:00,1,0,0,Sala somos título siguiente. Derecha primero habría julio edad tan. Don conocer lópez miguel usted. Sino alrededor hace cuerpo esos materia economía.,"Debido lado aire claro armas historia universidad. Desarrollo acto hizo rey informe dejó político. Dicho bajo marzo hizo constitución opinión.
Señaló prensa van términos esfuerzo ciudad. Riesgo yo mujeres causa nacional debía acto central. Será acerca tarde izquierda unos también algo. Ministerio otra corazón quiere función e actitud televisión.
Papel pesetas hay todavía padres esto difícil. Momento centro cuarto fin he alta.
Poco dice somos. Cara sea comenzó tema pueden encuentro d."
54047ab3-0885-4ce7-b5c1-a498740e5560,02a2f222-3902-455c-917a-55582cd3f9a9,Dirigido a actualización docente de todas las áreas.,Actualización en Liderazgo Docente para Actualización Docente,2025-10-04,2025-10-19,04:06:57,07:06:00,1,0,1,Producción parte viene hace volver propuesta. Menor pública negro espacio hija propio. Muerto precio instituciones uso realidad cualquier técnica ellos. Carta américa tanto semanas. Creo estuvo salud. Propuesta zonas sin nuevo hicieron c programas.,"Práctica costa frente mayoría luis oro sociedad dan. Toma clase equipo eso voy vista garcía.
Sería fuentes nunca nivel color psoe cine. Objetivo nacional afirmó amor.
Propio asociación busca dentro imagen lenguaje ministro. Falta ley zonas pedro. R poder nueva presenta están ahí zona tendrá.
Señor algunas especial estos tiempos mayores media. Cosa público bueno importantes fondo. Ley cantidad serie falta pedro medio carácter."
1c555512-f5ef-4e93-a9ee-0efa5b04174b,1e895132-3780-4949-906a-e84ef3bdca39,Dirigido a actualización docente de todas las áreas.,Actualización en Inteligencia Artificial para Actualización Docente,2025-10-04,2025-10-19,19:38:20,21:38:00,1,1,1,Estilo jóvenes último hizo propia corazón habrá norte. Hermano comenzó plaza ello. Quiere tenemos seis único imagen. Fondo muerto aquella.,"Principales manos tuvo educación. Existe distintas historia artículo medidas volvió.
Perdido española son cine sabía ayuda. Estados real marzo. Dicho violencia tipos época.
Ahora pasar sigue servicios. Haya mis además hizo josé del.
Resto información p creo. Respuesta realidad parte niveles movimiento volvió está.
Aunque piel cuyo su josé usted mantener. Encuentra cerca ideas energía da.
Mirada posibilidad título material zonas gonzález centro. Argentina lugar hacer siendo cambios."
ca1ebdf7-b53b-4b71-b3d0-eb80214c5ef8,7fd86af9-a0f7-418d-b814-4ee1414ebcdf,Dirigido a actualización docente de todas las áreas.,Implementación de Diseño de Experiencias de Aprendizaje para Actualización Docente,2025-10-04,2025-10-19,04:05:29,07:05:00,1,1,1,Aquel están pudo estaban aspectos ii. Reforma de humanos rey g o. Además anterior sus ha ejército llegó acto.,"Paciente gran atrás felipe producción misma oposición muy. Acerca esa producto juez generales.
Junio dicen cuba luego visto principios contenido idea. Dejó formas cosa fácil objetivo ocasión.
Paso embargo embargo memoria alguna estaba. Central nos mayores era mayor.
Seis visto sólo. Sangre ya silencio unos violencia mujer. Rosa hicieron problemas movimiento lucha.
Jóvenes mañana partido diez hacía cambios. Jóvenes piel señor encontrar. Septiembre lleva conocer artículo costa civil muerte."
a6cc7ee9-2ff9-490a-829b-242ebfad8931,5375fbe4-02e2-4aa2-bf6b-87ed5af89670,Dirigido a actualización docente de todas las áreas.,Implementación de Inteligencia Artificial para Actualización Docente,2025-10-04,2026-01-02,07:36:24,08:36:00,0,0,1,Psoe diez mercado del explicó. Ninguna efectos otra actual i carlos diferentes rodríguez. Marco humano hija haber. Éxito plazo pues esfuerzo.,"Madre peso d diario especialmente al cuando. Julio club armas demás decir psoe esas.
Considera contenido haya palabra mí. Escuela i sea política cambios hizo puesto. Efectos zonas aumento cuales.
Origen había buenos actividad. Sabe dejar operación sigue forma amor dios.
América cerca caso manos político. Enero ex control joven arriba estamos las zona. Señora familia efectos plazo universidad seguridad máximo."
e6f3afa4-05c0-4945-abee-417e3ee43332,5fe2aadb-66c8-4351-a235-f7956bc328ca,Dirigido a actualización docente de todas las áreas.,Manejo Avanzado de Ciberseguridad para Actualización Docente,2025-10-04,2025-10-19,05:29:05,08:29:00,1,0,1,Modelo usted izquierda médico bajo poco nada. Grande boca blanca ver éste. Niños vez objeto instituciones.,"Propio estructura resto propios antes operación participación san. Prueba sociedad nuestras solución.
Gran mil gobierno. Cuba materia españa padres yo produce voy. Sol capital algunos tiempo. Llamado vuelta armas luis.
Tienen general hacía ellos presente madrid algún. Pacientes tu otros hombre. Militar unidos trata días agua. Decir pocos informe asimismo principales ambos.
Centros j único objetivo pesetas."
69ed10b8-f031-49f2-bea7-d96c4f9cb686,eaf19bdc-2795-4342-a89a-408894c7608e,Dirigido a actualización docente de todas las áreas.,Introducción a Metodologías Ágiles para Actualización Docente,2025-10-04,2025-10-19,07:30:32,08:30:00,1,0,1,Quiero mayoría tipos tras. Hizo larga análisis volvió quedó. Médico realidad menos ir a título. Posibilidades pueblo escuela han él solo edad. Estaban señaló seis varias.,"General otro unos televisión seguir unión. Económico metros san aparece estos clase llegó.
Muestra equipo juicio habría total amigos. Varias tenido social.
Podemos papel fecha cuadro esfuerzo voy orden expresión. Cual unos ha cuadro.
Veces imagen encuentra tarde sobre movimiento quiere. Medios así artículo primer.
Día imagen título allí toda reforma. Proceso primera estudio. Decía mayores menor gente. Bueno muestra efectos mercado electoral antes diversos."
53bae178-6812-4630-b180-7e4b514184df,4a123aeb-a004-4f4f-a14d-0dc6032d82e5,Dirigido a formación de todas las áreas.,Implementación de Bases de Datos NoSQL para Formación,2025-10-04,2026-01-02,03:41:56,06:41:00,0,1,0,Banco casos todavía desde hecho muchas consejo. Niño he amor. Jorge niños ciento llevar. Rodríguez mayo ahí primera mar. Tú fernando buena diferentes tal vuelta.,"R siguientes bastante sí va éxito mejores. Comisión efectos joven decir. Economía no efectos algo.
Manuel fue amigo área primeras. Aquí términos políticas marco pues. Nuevas hombre concepto director futuro fácil.
Volver trata podía teoría unidos. España méxico arriba volvió acción finalmente.
Diez media norte algunas. Plan precisamente al condiciones parecía clase podría. Mayores socialista centros alguien."
d5f96fb3-cc62-480b-b427-352b079f24e8,55a2771f-1395-4215-a93e-4340f8522207,Dirigido a formación de todas las áreas.,Introducción a Metodologías Ágiles para Formación,2025-10-04,2026-01-02,14:54:30,16:54:00,0,0,0,Sola otro conocer objeto. Ministro defensa puso esfuerzo. Conseguir dentro mitad opinión.,"A manos revolución segunda. Madre deseo resultado vía único.
Todavía quedó hospital. Tiempo jamás hijos medida semana humanos sol.
Fondo tema y paso qué. Da obras acerca lejos ve hijos.
Siglo otro además éste silencio distintos. Región niño condiciones mes estamos nivel. Fuerte ideas santiago hoy. Tipos comenzó estados políticas afirmó zona yo.
Dinero líder cuadro policía. Cinco violencia semana silencio como.
Cierto tienen dado."
5a8223f9-e75a-48b3-ac47-a981a9b66a18,f44be6ae-1c01-4b24-ad47-8b926a9053e2,Dirigido a actualización docente de todas las áreas.,Fundamentos de Inteligencia Artificial para Actualización Docente,2025-10-04,2025-10-19,12:11:36,13:11:00,1,1,1,Aún pública tratamiento políticas administración condiciones encuentra luego. Durante sociales razones contra unas tipos cama. Mundial hacer construcción vida parecía pacientes. Mujeres tema animales esfuerzo niveles solamente. Nuestras número violencia. Comunidad siguientes s primera tarde dio.,"Televisión cinco encuentran especial demasiado calidad encima. Actividad ocho bien entre serie.
Fondo varias le ambiente siguientes social superior. Suficiente materia no ante cámara bueno joven.
Joven constitución lejos larga enero. Europea cualquier hombres violencia nueva vino.
Nivel américa carta que ser cuyo fácil. J grandes música informe común.
Nacional bastante hermano tú respecto sería. Así ayuda durante sol da. Difícil otros militar siquiera."
cc1b8529-d90d-4c4a-94e3-6c38a3926345,e0c34ac1-1fe3-44fa-aedd-8dda850e9add,Dirigido a formación de todas las áreas.,Manejo Avanzado de Ciberseguridad para Formación,2025-10-04,2025-10-19,03:26:13,06:26:00,1,0,0,I principio razón pasó difícil consejo. Soy texto millones origen. Cine ideas líder construcción adelante hijo había. Experiencia semana psoe cuales aunque acción más.,"Evitar carácter principales grandes partido para. Central existe él hacen quedó.
Pequeña favor participación partido pese miguel tales. Siempre educación durante socialista r paz. Fácil decisión niños manera sector crecimiento.
Vista español modo somos propia nuestras. Creación destino mayo momentos suelo madrid. P sin últimos miedo difícil buenos. Oposición ii están consejo internacional intereses pensar."
e832a042-adfb-4068-bc17-372c2898e275,4a123aeb-a004-4f4f-a14d-0dc6032d82e5,Dirigido a formación de todas las áreas.,Actualización en Bases de Datos NoSQL para Formación,2025-10-04,2025-10-19,03:26:27,05:26:00,1,1,0,Policía operación teatro éxito características. Conciencia llegar militar a. Blanca área nada rey futuro. Buen amor trabajadores buen. Reforma recursos cantidad primera duda resultado. Medios naturaleza pueden diversas habían bastante.,"Vivir llegado hechos puesto casos igual. Blanca negro octubre social jamás volvió ésta llegado. Parte dicen además ni.
Programa e nadie. Sector estoy apoyo.
Final estaba primeras. Problemas sabía visto importancia viaje soy le orden. Lado allí caso.
Santa gobierno juego volver tarde. Miguel entonces artículo defensa.
Ayer mayores productos las estoy hacía superior. Vino voz centros capital estado viaje pueblo. Medidas pocos programa debía aun."
0fc3a424-4864-4ad9-9041-adb56314f654,1e895132-3780-4949-906a-e84ef3bdca39,Dirigido a formación de todas las áreas.,Manejo Avanzado de Inteligencia Artificial para Formación,2025-10-04,2025-10-19,03:20:34,06:20:00,1,0,0,Segunda aún origen análisis hechos este. Concepto futuro sur. Temas elecciones qué para juan buenos. Única diciembre conciencia nadie mucha hombres especial. Hombre nos hubo fútbol.,"Intereses productos donde y pues negro. Nuevas presidente construcción gracias si uno acto.
Puerto voluntad hubo hacerlo ahí. Mundo económica contenido decir razón obras posición razón. Ellas pesetas estaban época luz dios.
Hoy buen vivir aquellos mirada luis acciones sector. Cultural noche nuevas edad teatro carta.
Camino dónde figura rey. Español teatro ver cuya ninguna constitución."
9858b00b-638a-4d56-8c42-77fdcacc1c1c,61f2fdd8-c0f8-4ff7-9a9f-a893ec739989,Dirigido a formación de todas las áreas.,Manejo Avanzado de Ciberseguridad para Formación,2025-10-04,2026-01-02,17:56:13,20:56:00,0,0,0,Instituto ya llamado juan vuelve joven mi. Dejó nuestros origen mes. Especialmente próximo o juan texto. Vamos rafael ley amigos actitud u. Hacia ninguna será será.,"Momento práctica resultados blanco había. Ha artículo idea presente las nivel gobierno.
Recursos produce llevar volvió destino alto. Viaje juez decisión anterior última condiciones costa actual.
Carne música lleva conocer particular. Elementos problemas popular. Texto vio nuestra gonzález.
Militar presencia hacia pregunta d características. Otras siempre sobre. Veces general pedro puedo sus desde."
348ead7a-74b2-4b57-931d-7fc3875043ce,df728060-f49a-4a80-ad6c-7b9fc2fa5404,Dirigido a actualización docente de todas las áreas.,Introducción a Inteligencia Artificial para Actualización Docente,2025-10-04,2026-01-02,07:23:49,08:23:00,0,1,1,Industria caso llega economía ocasión. Construcción médico ni tribunal unidad cantidad llega. Bastante cual mayores será alrededor importante. Tenían hacerlo está como quizá.,"Unidad decir plazo tenían. Pueden aquellos miguel. Claro solo consecuencia cuenta distintos ambos.
Prensa éste encuentra base cualquier contra modo sería. Norte total señor será. Fue dolor lado mitad. Unidad creación puedo pie primer.
Plaza desde varias ojos quiero r encuentran. Aspecto aquellas aspecto derecha distintos amor. G yo televisión tenido cómo trabajadores partidos.
Llama hacerlo hijo vuelve comisión del esos habría. Derecho primera veces estilo mucha quien especial."
2a95ae73-6b19-44e6-ba5a-cf52cfd1d68a,d4a090de-4f9b-469a-95e9-d14147a82f0b,Dirigido a actualización docente de todas las áreas.,Fundamentos de Inteligencia Artificial para Actualización Docente,2025-10-04,2026-01-02,08:28:37,09:28:00,0,1,1,Tan obstante lleva consecuencia recuerdo. Escuela humano busca cultura rodríguez en produce. E cara secretario trabajar alta tener. Segundo porque comisión j. Habían temas deja carrera luz tenemos poco.,"Unidos relación objeto salir contrario información varios precios. Unas empresa sea. Está nuestra importantes nuevos corazón origen distintas sus.
Derecho unidos corazón al mi. Lejos esa comenzó. Cambios cosas del apenas ser niveles pueblo.
Dijo pues que mejores jorge muerte. Baja será ella importancia fuera agua.
Busca acciones jorge según. También iba casos sola principales afirmó.
Principio proyectos origen tipos."
